scheme,reward_mean,local_hit_mean,neighbor_fetch_mean,cloud_fetch_mean,paper_hit_mean
Random,-1845.16000000,0.00537287,0.01453981,0.97925398,0.01991268
BSG-like,118.63000000,0.01875428,0.00000000,0.98041239,0.01875428
C-epsilon-greedy,1956.74000000,0.30149808,0.10960318,0.58889874,0.41110126
MAAFDRL,1609.74000000,0.22527876,0.15930997,0.61541127,0.38458873
TemporalGraph,2512.65000000,0.31259545,0.16954782,0.51702340,0.48214327
