model,local,neighbor,cloud,replace
Random,0.005294058596289717,0.052423941939936776,4.90799977959363,0.001635416666666667
BSG-like,0.021622669115845802,0.0,4.883553321087437,0.001575
C-epsilon-greedy,0.18608813376119618,0.6013798375358046,3.317834534274269,0.023215624999999993
AWFDRL,0.28132274100774474,0.8223185521384678,2.565488104788194,1.458333333333334e-05
MAAFDRL,0.2146277983025424,0.6988618647157485,3.053283677592608,0.024516666666666697
TemporalGraph,0.3380171072487681,0.2019898315688936,3.0490938409617154,7.187500000000005e-05
