scheme,reward_mean,local_hit_mean,neighbor_fetch_mean,cloud_fetch_mean,paper_hit_mean
TemporalGraph,2375.65000000,0.27985629,0.21814889,0.50116149,0.49800518
AWFDRL,2425.20000000,0.28678798,0.21764945,0.49556257,0.50443743
MAAFDRL,1289.30000000,0.22704055,0.18425427,0.58870518,0.41129482
DTS-DDPG,2043.51000000,0.21157475,0.29804362,0.48954830,0.50961837
