episode,reward,local_hit_rate,neighbor_fetch_rate,cloud_fetch_rate,paper_hit_rate
1,-26.80000000,0.08462600,0.05108357,0.86429043,0.13570957
2,33.90000000,0.07082716,0.05443141,0.87474143,0.12525857
3,151.40000000,0.10522147,0.04492144,0.84985709,0.15014291
