epoch,loss,reward,local_hit_rate,paper_hit_rate
1,3.16997381,6.26312500,0.09432068,0.15901190
2,3.15530998,5.57437500,0.08338043,0.14685506
