epoch,loss,reward,local_hit_rate,paper_hit_rate
1,-1.50341232,124.05000000,0.09369101,0.13801318
2,-1.29252106,147.70000000,0.09930888,0.15252326
