episode,reward,local_hit_rate,neighbor_fetch_rate,cloud_fetch_rate,paper_hit_rate
1,394.60000000,0.06340996,0.08912557,0.84746447,0.15253553
2,427.50000000,0.08071566,0.06924649,0.85003785,0.14996215
3,396.90000000,0.07114278,0.06735610,0.86150112,0.13849888
