episode,reward,local_hit_rate,neighbor_fetch_rate,cloud_fetch_rate,paper_hit_rate
1,491.80000000,0.10509778,0.05306877,0.84183345,0.15816655
2,498.10000000,0.09414243,0.06520828,0.84064929,0.15935071
3,588.80000000,0.10509207,0.05294377,0.84196416,0.15803584
