episode,reward,local_hit_rate,neighbor_fetch_rate,cloud_fetch_rate
1,-1.55000000,0.00000000,0.00000000,1.00000000
2,-1.65000000,0.00000000,0.00000000,1.00000000
