episode,reward,local_hit_rate,neighbor_fetch_rate,cloud_fetch_rate,paper_hit_rate
1,-97.40000000,0.06374188,0.01266712,0.92359099,0.07640901
2,-157.50000000,0.02257440,0.02749188,0.94993371,0.05006629
