episode,reward,local_hit_rate,neighbor_fetch_rate,cloud_fetch_rate,paper_hit_rate
1,113.80000000,0.09219697,0.06090711,0.84689592,0.15310408
2,76.30000000,0.07391740,0.05852401,0.86755859,0.13244141
