episode,reward,local_hit_rate,neighbor_fetch_rate,cloud_fetch_rate,paper_hit_rate
1,121.60000000,0.08926987,0.01775794,0.84297219,0.10702781
2,89.30000000,0.08256820,0.02482080,0.89261100,0.10738900
