scheme,reward_mean,local_hit_mean,neighbor_fetch_mean,cloud_fetch_mean,paper_hit_mean
TemporalGraph,2375.65000000,0.27985629,0.21814889,0.50116149,0.49800518
AWFDRL,2076.98000000,0.21802648,0.30792971,0.47404381,0.52595619
MAAFDRL,1280.16000000,0.22494568,0.18955621,0.58549811,0.41450189
DTS-DDPG,2052.16000000,0.21102120,0.30020382,0.48794165,0.51122502
