episode,reward,local_hit_rate,neighbor_fetch_rate,cloud_fetch_rate,paper_hit_rate
1,-55.40000000,0.06554473,0.01688950,0.91756577,0.08243423
2,-127.20000000,0.02343254,0.03202381,0.94454365,0.05545635
