episode,reward,local_hit_rate,neighbor_fetch_rate,cloud_fetch_rate,paper_hit_rate
1,-472.60000000,0.00476190,0.00256410,0.99267399,0.00732601
2,-467.20000000,0.00833333,0.00850840,0.98315826,0.01684174
