episode,reward,local_hit_rate,neighbor_fetch_rate,cloud_fetch_rate,paper_hit_rate
1,103.90000000,0.10570707,0.05009837,0.84419456,0.15580544
2,69.90000000,0.07633431,0.05046791,0.87319777,0.12680223
