episode,reward,local_hit_rate,neighbor_fetch_rate,cloud_fetch_rate,paper_hit_rate
1,125.40000000,0.11944666,0.01296296,0.83425704,0.13240963
2,91.10000000,0.11342426,0.01226107,0.87431467,0.12568533
