episode,step,burst_local_hit,burst_edge_hit
1.0,0.0,0.75,1.0
1.0,1.0,1.0,1.0
1.0,2.0,1.0,1.0
1.0,3.0,1.0,1.0
1.0,4.0,1.0,1.0
1.0,5.0,1.0,1.0
1.0,6.0,0.9041916167664671,1.0
1.0,7.0,1.0,1.0
1.0,8.0,0.5798816568047337,0.6923076923076923
1.0,9.0,1.0,1.0
1.0,10.0,1.0,1.0
1.0,11.0,1.0,1.0
1.0,12.0,1.0,1.0
1.0,13.0,0.0,0.0
1.0,14.0,1.0,1.0
1.0,15.0,1.0,1.0
1.0,16.0,1.0,1.0
1.0,17.0,0.6666666666666666,1.0
1.0,18.0,0.4,0.4
1.0,19.0,0.6666666666666666,0.6666666666666666
