episode,step,burst_local_hit,burst_edge_hit
1.0,0.0,0.5,1.0
1.0,1.0,0.5,1.0
1.0,2.0,1.0,1.0
1.0,3.0,1.0,1.0
1.0,4.0,0.0,0.0
1.0,5.0,0.0,0.0
1.0,6.0,0.5352941176470588,0.6470588235294118
1.0,7.0,1.0,1.0
1.0,8.0,0.5515151515151515,1.0
1.0,9.0,1.0,1.0
1.0,10.0,1.0,1.0
1.0,11.0,1.0,1.0
1.0,12.0,1.0,1.0
1.0,13.0,1.0,1.0
1.0,14.0,1.0,1.0
1.0,15.0,0.6666666666666666,1.0
1.0,16.0,0.6,1.0
1.0,17.0,1.0,1.0
1.0,18.0,0.5,0.75
1.0,19.0,1.0,1.0
