episode,step,burst_local_hit,burst_edge_hit
1.0,0.0,1.0,1.0
1.0,1.0,1.0,1.0
1.0,2.0,1.0,1.0
1.0,3.0,1.0,1.0
1.0,4.0,1.0,1.0
1.0,5.0,1.0,1.0
1.0,6.0,1.0,1.0
1.0,7.0,1.0,1.0
1.0,8.0,0.8924050632911392,1.0
1.0,9.0,0.9090909090909091,1.0
1.0,10.0,0.9113924050632911,1.0
1.0,11.0,0.8909090909090909,1.0
1.0,12.0,0.9166666666666666,1.0
1.0,13.0,1.0,1.0
1.0,14.0,1.0,1.0
1.0,15.0,0.6666666666666666,1.0
1.0,16.0,1.0,1.0
1.0,17.0,1.0,1.0
1.0,18.0,0.75,1.0
1.0,19.0,1.0,1.0
