scheme,reward_mean,local_hit_mean,neighbor_fetch_mean,cloud_fetch_mean,paper_hit_mean
TemporalGraph,2624.81000000,0.35623530,0.06216561,0.58076576,0.41840091
AWFDRL,2530.54000000,0.30874491,0.18339205,0.50786304,0.49213696
MAAFDRL,1123.86000000,0.22850571,0.16813823,0.60335606,0.39664394
DTS-DDPG,1932.39000000,0.19620128,0.29658792,0.50637747,0.49278920
