episode,reward,local_hit_rate,neighbor_fetch_rate,cloud_fetch_rate,paper_hit_rate
1,277.90000000,0.51895833,0.05062500,0.38041667,0.56958333
2,294.50000000,0.53178030,0.02518939,0.39303030,0.55696970
3,252.20000000,0.42819444,0.02736111,0.49444444,0.45555556
