episode,reward,local_hit_rate,neighbor_fetch_rate,cloud_fetch_rate,paper_hit_rate
1,-27.40000000,0.15104167,0.17068452,0.65327381,0.32172619
2,-0.70000000,0.14322421,0.27146825,0.48530754,0.41469246
3,54.80000000,0.24714286,0.21975198,0.43310516,0.46689484
