model,local,neighbor,cloud,replace
Random,0.002669123995104387,0.032048085575225954,4.946594273055447,0.0016520833333333333
BSG-like,0.02149874717973255,0.0,4.884172930768,0.0013750000000000004
C-epsilon-greedy,0.18023543244968765,0.5911956493200564,3.359828276101493,0.02363854166666667
MAAFDRL,0.20994766445666807,0.7173272667503585,3.0536025942787175,0.022291666666666637
TemporalGraph,0.31462334580175555,0.5661431719271178,2.710870972748997,2.083333333333334e-06
