episode,reward,local_hit_rate,neighbor_fetch_rate,cloud_fetch_rate,paper_hit_rate
1,-183.60000000,0.01015224,0.01457431,0.97527344,0.02472656
2,-178.20000000,0.01511752,0.06955528,0.91532720,0.08467280
