episode,reward,local_hit_rate,neighbor_fetch_rate,cloud_fetch_rate,paper_hit_rate
1,-631.30000000,0.00000000,0.02051587,0.95448413,0.02051587
2,-627.80000000,0.00166667,0.02277778,0.95055556,0.02444444
