episode,reward,local_hit_rate,neighbor_fetch_rate,cloud_fetch_rate,paper_hit_rate
1,11.20000000,0.01839223,0.01378066,0.96782710,0.03217290
2,27.40000000,0.03683044,0.01912879,0.94404078,0.05595922
