episode,reward,local_hit_rate,neighbor_fetch_rate,cloud_fetch_rate,paper_hit_rate
1,0.00000000,0.00625000,0.00000000,0.89375000,0.00625000
2,0.20000000,0.00833333,0.00000000,0.89166667,0.00833333
