epoch,loss,reward,local_hit_rate,paper_hit_rate
1,2.13399438,6.53750000,0.51416667,0.51416667
2,2.00274248,4.42250000,0.32496032,0.32496032
3,1.88554442,4.56250000,0.37791667,0.38625000
4,1.91886767,5.30000000,0.40562500,0.40562500
