episode,reward,local_hit_rate,neighbor_fetch_rate,cloud_fetch_rate,paper_hit_rate
1,-79.90000000,0.00000000,0.00000000,0.80000000,0.00000000
2,-75.60000000,0.05000000,0.00000000,0.75000000,0.05000000
