episode,reward,local_hit_rate,neighbor_fetch_rate,cloud_fetch_rate,paper_hit_rate
1,126.50000000,0.49357143,0.00000000,0.45642857,0.49357143
2,94.70000000,0.48750000,0.00000000,0.36250000,0.48750000
