round,train_loss,val_loss
1,40.09002873,29.18271767
2,39.27684693,28.79929496
