model,local,neighbor,cloud,replace
Random,0.002669123995104387,0.032048085575225954,4.946594273055447,0.001653125
BSG-like,0.02149874717973255,0.0,4.884172930768,0.0013083333333333332
C-epsilon-greedy,0.18023543244968765,0.5911956493200564,3.359828276101493,0.02363854166666667
AWFDRL,0.2831849894693225,0.8205013198250186,2.558448402872121,1.2500000000000006e-05
MAAFDRL,0.2102011475691487,0.7548349055177861,3.0054506302570263,0.017737500000000003
TemporalGraph,0.2759118224467194,0.8401218993013941,2.5619551803063314,0.00013229166666666676
