epoch,loss,reward,local_hit_rate,paper_hit_rate
1,3.41310830,2.49000000,0.25277778,0.25277778
