episode,reward,local_hit_rate,neighbor_fetch_rate,cloud_fetch_rate,paper_hit_rate
1,0.00000000,0.00416667,0.00000000,0.94583333,0.00416667
2,4.10000000,0.00982143,0.00000000,0.94017857,0.00982143
3,0.00000000,0.00500000,0.00000000,0.87000000,0.00500000
