episode,reward,local_hit_rate,neighbor_fetch_rate,cloud_fetch_rate,paper_hit_rate
1,95.30000000,0.19618056,0.16840278,0.61041667,0.36458333
2,103.60000000,0.20086538,0.16875000,0.53038462,0.36961538
3,127.90000000,0.29533009,0.15317641,0.50149351,0.44850649
