episode,reward,local_hit_rate,neighbor_fetch_rate,cloud_fetch_rate,paper_hit_rate
1,275.00000000,0.51270833,0.05062500,0.38666667,0.56333333
2,296.80000000,0.53178030,0.02518939,0.39303030,0.55696970
3,252.40000000,0.42819444,0.02236111,0.49944444,0.45055556
