scheme,reward_mean,local_hit_mean,neighbor_fetch_mean,cloud_fetch_mean,paper_hit_mean
TemporalGraph,2507.01000000,0.31173258,0.16998110,0.51745299,0.48171368
MAAFDRL,1609.74000000,0.22527876,0.15930997,0.61541127,0.38458873
