episode,reward,local_hit_rate,neighbor_fetch_rate,cloud_fetch_rate,paper_hit_rate
1,220.90000000,0.04689682,0.00000000,0.95310318,0.04689682
2,101.30000000,0.02163863,0.00000000,0.97836137,0.02163863
3,177.60000000,0.04015194,0.00000000,0.95984806,0.04015194
