epoch,loss,reward,local_hit_rate,paper_hit_rate
1,-1.60498273,15876.30622517,0.10702387,0.14047550
