epoch,loss,reward,local_hit_rate,paper_hit_rate
1,3.51879216,6.26187500,0.10135396,0.16115330
2,3.29136077,7.15937500,0.11596149,0.15517719
