episode,reward,local_hit_rate,neighbor_fetch_rate,cloud_fetch_rate,paper_hit_rate
1,550.90000000,0.12938994,0.03301856,0.83759150,0.16240850
2,575.50000000,0.11738205,0.03973233,0.84288562,0.15711438
3,615.20000000,0.11110727,0.04955933,0.83933341,0.16066659
