episode,step,burst_local_hit,burst_edge_hit
1.0,0.0,0.0,0.0
1.0,1.0,0.0,0.0
1.0,2.0,0.0,0.0
1.0,3.0,0.0,0.0
1.0,4.0,0.2159090909090909,0.2159090909090909
1.0,5.0,0.14130434782608695,0.14130434782608695
1.0,6.0,0.17647058823529413,0.17647058823529413
1.0,7.0,0.19753086419753085,0.19753086419753085
1.0,8.0,0.5,0.5
1.0,9.0,0.0,0.0
1.0,10.0,0.0,0.0
1.0,11.0,0.0,0.0
