episode,step,burst_local_hit,burst_edge_hit
1.0,0.0,1.0,1.0
1.0,1.0,0.6666666666666666,1.0
1.0,2.0,1.0,1.0
1.0,3.0,0.0,1.0
1.0,4.0,0.7386363636363636,1.0
1.0,5.0,1.0,1.0
1.0,6.0,1.0,1.0
1.0,7.0,1.0,1.0
1.0,8.0,0.0,0.0
1.0,9.0,0.0,0.0
1.0,10.0,0.0,0.0
1.0,11.0,0.5,1.0
