episode,reward,local_hit_rate,neighbor_fetch_rate,cloud_fetch_rate,paper_hit_rate
1,-632.30000000,0.00357143,0.00192308,0.99450549,0.00549451
2,-628.80000000,0.00250000,0.00910652,0.98839348,0.01160652
