episode,reward,local_hit_rate,neighbor_fetch_rate,cloud_fetch_rate,paper_hit_rate
1,110.80000000,0.08969697,0.06340711,0.84689592,0.15310408
2,77.00000000,0.07391740,0.05852401,0.86755859,0.13244141
