episode,reward,local_hit_rate,neighbor_fetch_rate,cloud_fetch_rate,paper_hit_rate
1,125.90000000,0.09105559,0.01968101,0.83926340,0.11073660
2,88.90000000,0.08256820,0.01942308,0.89800873,0.10199127
