episode,reward,local_hit_rate,neighbor_fetch_rate,cloud_fetch_rate,paper_hit_rate
1,-1235.10000000,0.00406873,0.01985124,0.97608003,0.02391997
2,-1238.30000000,0.00412252,0.01343871,0.96993877,0.01756123
3,-1226.60000000,0.00887766,0.00953478,0.98158756,0.01841244
