episode,reward,local_hit_rate,neighbor_fetch_rate,cloud_fetch_rate,paper_hit_rate
1,403.70000000,0.09358365,0.03906245,0.86735390,0.13264610
2,387.70000000,0.07956877,0.03574424,0.88468700,0.11531300
3,520.30000000,0.10580234,0.02967321,0.86452445,0.13547555
