episode,reward,local_hit_rate,neighbor_fetch_rate,cloud_fetch_rate,paper_hit_rate
1,269.10000000,0.48660714,0.13113095,0.35726190,0.61773810
2,262.40000000,0.42250000,0.21294643,0.26455357,0.63544643
3,259.60000000,0.42029762,0.23515873,0.34454365,0.65545635
