episode,reward,local_hit_rate,neighbor_fetch_rate,cloud_fetch_rate,paper_hit_rate
1,145.40000000,0.03072959,0.00000000,0.96927041,0.03072959
2,73.20000000,0.01647733,0.00000000,0.98352267,0.01647733
3,121.50000000,0.02818086,0.00000000,0.97181914,0.02818086
