episode,reward,local_hit_rate,neighbor_fetch_rate,cloud_fetch_rate,paper_hit_rate
1,-85.10000000,0.07165939,0.03168489,0.89665572,0.10334428
2,74.90000000,0.07610924,0.05151863,0.87237213,0.12762787
3,46.00000000,0.07952424,0.02942704,0.89104872,0.10895128
