episode,reward,local_hit_rate,neighbor_fetch_rate,cloud_fetch_rate,paper_hit_rate
1,480.40000000,0.11879830,0.01743479,0.86376691,0.13623309
2,456.50000000,0.09989875,0.01930203,0.88079922,0.11920078
3,540.10000000,0.11623345,0.02038297,0.86338358,0.13661642
