round,train_loss,val_loss
1,26.93275002,19.88196993
2,25.36255173,19.15257085
3,24.95922139,18.29259782
