epoch,loss,reward,local_hit_rate,paper_hit_rate
1,-2.64302635,9.10000000,0.08428571,0.08428571
2,0.60255963,6.10000000,0.07500000,0.10000000
