scheme,reward_mean,local_hit_mean,neighbor_fetch_mean,cloud_fetch_mean,paper_hit_mean
TemporalGraph,2326.46000000,0.28197634,0.21569560,0.50232806,0.49767194
AWFDRL,2102.40000000,0.22904595,0.30560159,0.46535246,0.53464754
MAAFDRL,1264.26000000,0.22440152,0.18895232,0.58664616,0.41335384
DTS-DDPG,2047.90000000,0.21103537,0.29362856,0.49533607,0.50466393
