episode,reward,local_hit_rate,neighbor_fetch_rate,cloud_fetch_rate,paper_hit_rate
1,415.50000000,0.06679240,0.06255551,0.87065209,0.12934791
2,414.00000000,0.06130921,0.06425472,0.87443607,0.12556393
3,466.10000000,0.06719747,0.06734361,0.86545892,0.13454108
4,381.50000000,0.06197229,0.06122082,0.87680689,0.12319311
5,477.50000000,0.07237751,0.07101518,0.85660731,0.14339269
