scheme,reward_mean,local_hit_mean,neighbor_fetch_mean,cloud_fetch_mean,paper_hit_mean
TemporalGraph,2375.65000000,0.27985629,0.21814889,0.50116149,0.49800518
AWFDRL,2092.70000000,0.21833228,0.31254899,0.46911873,0.53088127
MAAFDRL,1311.63000000,0.22743151,0.18689300,0.58567549,0.41432451
DTS-DDPG,2035.79000000,0.20994371,0.29665330,0.49256966,0.50659701
