episode,reward,local_hit_rate,neighbor_fetch_rate,cloud_fetch_rate,paper_hit_rate
1,232.80000000,0.45636905,0.09565476,0.42297619,0.55202381
2,265.40000000,0.39797619,0.07190476,0.45511905,0.46988095
3,263.80000000,0.44418290,0.07702381,0.42879329,0.52120671
