episode,reward,local_hit_rate,neighbor_fetch_rate,cloud_fetch_rate,paper_hit_rate
1,256.80000000,0.04338242,0.00000000,0.95661758,0.04338242
2,133.30000000,0.03151278,0.00000000,0.96848722,0.03151278
3,217.60000000,0.03734069,0.00000000,0.96265931,0.03734069
