episode,reward,local_hit_rate,neighbor_fetch_rate,cloud_fetch_rate,paper_hit_rate
1,41.00000000,0.09210826,0.04733789,0.86055385,0.13944615
2,149.00000000,0.08311705,0.05397285,0.86291010,0.13708990
3,253.50000000,0.11803019,0.03428355,0.84768626,0.15231374
