epoch,loss,reward,local_hit_rate,paper_hit_rate
1,-0.71680814,106.60000000,0.08170387,0.13734392
2,-1.27374697,124.45000000,0.07655751,0.15022693
