episode,reward,local_hit_rate,neighbor_fetch_rate,cloud_fetch_rate,paper_hit_rate
1,-1554.40000000,0.00635489,0.01215429,0.98149082,0.01850918
2,-1530.90000000,0.00431596,0.01489853,0.97078551,0.01921449
3,-1545.10000000,0.00744642,0.01224052,0.98031306,0.01968694
