episode,reward,local_hit_rate,neighbor_fetch_rate,cloud_fetch_rate,paper_hit_rate
1,472.40000000,0.06633794,0.07959130,0.85407076,0.14592924
2,505.20000000,0.07548204,0.07969346,0.84482450,0.15517550
3,542.40000000,0.08258453,0.06564077,0.85177470,0.14822530
