episode,reward,local_hit_rate,neighbor_fetch_rate,cloud_fetch_rate,paper_hit_rate
1,613.30000000,0.11032477,0.06359402,0.82608121,0.17391879
2,568.00000000,0.08609786,0.06590233,0.84799982,0.15200018
3,640.50000000,0.08257222,0.06975133,0.84767644,0.15232356
