episode,reward,local_hit_rate,neighbor_fetch_rate,cloud_fetch_rate,paper_hit_rate
1,-74.50000000,0.01250000,0.00714286,0.98035714,0.01964286
2,-78.10000000,0.00000000,0.00833333,0.99166667,0.00833333
