episode,reward,local_hit_rate,neighbor_fetch_rate,cloud_fetch_rate,paper_hit_rate
1,-60.50000000,0.03261905,0.02500000,0.94238095,0.05761905
2,-52.20000000,0.09750000,0.01000000,0.89250000,0.10750000
