model,local,neighbor,cloud,replace
Random,0.002669123995104387,0.032048085575225954,4.946594273055447,0.001653125
BSG-like,0.02149874717973255,0.0,4.884172930768,0.0013083333333333332
C-epsilon-greedy,0.18023543244968765,0.5911956493200564,3.359828276101493,0.02363854166666667
AWFDRL,0.20786190197901164,1.1867331099132103,2.4772741027134333,0.00034687499999999953
MAAFDRL,0.20714390750958211,0.7638012776457339,3.009528865394927,0.017857291666666678
TemporalGraph,0.2759118224467194,0.8401218993013941,2.5619551803063314,0.00013229166666666676
