episode,reward,local_hit_rate,neighbor_fetch_rate,cloud_fetch_rate,paper_hit_rate
1,398.50000000,0.02707621,0.00000000,0.97292379,0.02707621
2,558.80000000,0.03624440,0.00000000,0.96375560,0.03624440
3,458.60000000,0.03257601,0.00000000,0.96742399,0.03257601
4,495.00000000,0.03510250,0.00000000,0.96489750,0.03510250
5,390.90000000,0.02458892,0.00000000,0.97541108,0.02458892
6,490.60000000,0.03307210,0.00000000,0.96692790,0.03307210
7,434.40000000,0.02826702,0.00000000,0.97173298,0.02826702
8,426.90000000,0.03026235,0.00000000,0.96973765,0.03026235
