episode,reward,local_hit_rate,neighbor_fetch_rate,cloud_fetch_rate,paper_hit_rate
1,-40.60000000,0.06951335,0.06191822,0.86856843,0.13143157
2,373.70000000,0.08523603,0.06811143,0.84665254,0.15334746
3,400.00000000,0.09005471,0.04792686,0.86201844,0.13798156
4,562.30000000,0.09783240,0.04601744,0.85615016,0.14384984
5,844.00000000,0.10229709,0.04049009,0.85721282,0.14278718
6,924.60000000,0.10795429,0.03871525,0.85333046,0.14666954
7,779.80000000,0.10372917,0.03958071,0.85669012,0.14330988
8,815.80000000,0.10024130,0.03986386,0.85989484,0.14010516
