episode,reward,local_hit_rate,neighbor_fetch_rate,cloud_fetch_rate,paper_hit_rate
1,-3659.20000000,0.00497413,0.02344278,0.97158309,0.02841691
2,-3629.70000000,0.00694939,0.02132425,0.97172636,0.02827364
3,-3636.70000000,0.00532224,0.02506194,0.96961582,0.03038418
4,-3633.40000000,0.00634548,0.02391870,0.96973582,0.03026418
5,-3624.50000000,0.00546602,0.03066876,0.96386522,0.03613478
6,-3662.50000000,0.00364669,0.02696824,0.96938506,0.03061494
7,-3650.00000000,0.00449761,0.02790844,0.96759394,0.03240606
8,-3626.30000000,0.00609703,0.02431448,0.96958849,0.03041151
