episode,reward,local_hit_rate,neighbor_fetch_rate,cloud_fetch_rate,paper_hit_rate
1,1074.90000000,0.05818770,0.10821714,0.83359516,0.16640484
2,1040.20000000,0.05036984,0.09377267,0.85585749,0.14414251
3,1034.20000000,0.05252000,0.10698774,0.84049227,0.15950773
4,1016.10000000,0.04980226,0.10468722,0.84551052,0.15448948
5,1113.70000000,0.05732744,0.09854324,0.84412931,0.15587069
6,1201.80000000,0.05938450,0.10535714,0.83525836,0.16474164
7,1150.40000000,0.05960507,0.10856178,0.83183315,0.16816685
8,1034.90000000,0.05545641,0.10160846,0.84293513,0.15706487
