episode,reward,local_hit_rate,neighbor_fetch_rate,cloud_fetch_rate,paper_hit_rate
1,993.70000000,0.05544087,0.09387337,0.85068576,0.14931424
2,1060.30000000,0.05291232,0.10379435,0.84329333,0.15670667
3,1091.60000000,0.05760683,0.10168686,0.84070631,0.15929369
4,1077.80000000,0.05490923,0.11318963,0.83190115,0.16809885
5,993.10000000,0.04809825,0.09915210,0.85274965,0.14725035
6,1117.90000000,0.05821672,0.10635432,0.83542896,0.16457104
7,1229.40000000,0.06279488,0.11898557,0.81821955,0.18178045
8,995.20000000,0.04797350,0.10748398,0.84454252,0.15545748
