episode,reward,local_hit_rate,neighbor_fetch_rate,cloud_fetch_rate,paper_hit_rate
1,0.80000000,0.01388889,0.00000000,0.73611111,0.01388889
2,-3.20000000,0.00000000,0.00000000,1.00000000,0.00000000
