episode,reward,local_hit_rate,neighbor_fetch_rate,cloud_fetch_rate,paper_hit_rate
1,-10.70000000,0.04166667,0.06944444,0.63888889,0.11111111
2,-1.60000000,0.02777778,0.02777778,0.69444444,0.05555556
