epoch,loss,reward,local_hit_rate,paper_hit_rate
1,2.57351567,2.32083333,0.27777778,0.34027778
2,2.49109905,2.78333333,0.29722222,0.36666667
