episode,reward,local_hit_rate,neighbor_fetch_rate,cloud_fetch_rate,paper_hit_rate
1,-37.30000000,0.00000000,0.02083333,0.81250000,0.02083333
2,-38.40000000,0.00000000,0.00000000,0.75000000,0.00000000
