episode,reward,local_hit_rate,neighbor_fetch_rate,cloud_fetch_rate,paper_hit_rate
1,12.50000000,0.03769841,0.04166667,0.75396825,0.07936508
2,27.50000000,0.25000000,0.00000000,0.66666667,0.25000000
