round,train_loss,val_loss
1,20.67645479,18.82073800
