episode,reward,local_hit_rate,neighbor_fetch_rate,cloud_fetch_rate,paper_hit_rate
1,35.90000000,0.24166667,0.00000000,0.42500000,0.24166667
2,49.50000000,0.40833333,0.03333333,0.47500000,0.44166667
