episode,reward,local_hit_rate,neighbor_fetch_rate,cloud_fetch_rate,paper_hit_rate
1,276.70000000,0.48229167,0.13000000,0.33770833,0.61229167
2,281.00000000,0.50928842,0.06018128,0.38053030,0.56946970
3,240.20000000,0.39166667,0.11145833,0.44687500,0.50312500
