episode,reward,local_hit_rate,neighbor_fetch_rate,cloud_fetch_rate,paper_hit_rate
1,-306.60000000,0.00916667,0.01770833,0.89812500,0.02687500
2,-310.60000000,0.00500000,0.01398810,0.95601190,0.01898810
3,-313.30000000,0.00000000,0.02727273,0.92272727,0.02727273
