episode,reward,local_hit_rate,neighbor_fetch_rate,cloud_fetch_rate,paper_hit_rate
1,279.40000000,0.50520833,0.10708333,0.33770833,0.61229167
2,292.90000000,0.52633387,0.04313582,0.38053030,0.56946970
3,246.90000000,0.40951389,0.10333333,0.43715278,0.51284722
