epoch,loss,reward,local_hit_rate,paper_hit_rate
1,0.74477506,0.76000000,0.05108974,0.05108974
2,0.59922823,0.46500000,0.02926587,0.02926587
