episode,reward,local_hit_rate,neighbor_fetch_rate,cloud_fetch_rate,paper_hit_rate
1,45.00000000,0.11097222,0.00000000,0.83902778,0.11097222
2,14.30000000,0.03095238,0.00625000,0.91279762,0.03720238
