epoch,loss,reward,local_hit_rate,paper_hit_rate
1,3.37554471,1.95500000,0.12061508,0.12061508
2,3.29731113,2.14500000,0.11500000,0.11500000
