episode,reward,local_hit_rate,neighbor_fetch_rate,cloud_fetch_rate,paper_hit_rate
1,368.50000000,0.06092908,0.08300044,0.85607048,0.14392952
2,419.40000000,0.08052718,0.07395352,0.84551931,0.15448069
3,380.00000000,0.06559173,0.07464628,0.85976199,0.14023801
