episode,reward,local_hit_rate,neighbor_fetch_rate,cloud_fetch_rate,paper_hit_rate
1,484.50000000,0.11241523,0.04884601,0.83873876,0.16126124
2,492.50000000,0.09632166,0.05751825,0.84616009,0.15383991
3,533.80000000,0.09386031,0.06797917,0.83816052,0.16183948
