model,local,neighbor,cloud,replace
Random,0.002669123995104387,0.032048085575225954,4.946594273055447,0.0016541666666666668
BSG-like,0.02149874717973255,0.0,4.884172930768,0.0014083333333333337
C-epsilon-greedy,0.18023543244968765,0.5911956493200564,3.359828276101493,0.02363854166666667
AWFDRL,0.30067231257246424,0.7230773027214361,2.592791808735889,1.1458333333333339e-05
MAAFDRL,0.20671615706823457,0.6566961223232997,3.145549061754707,0.02690937500000001
TemporalGraph,0.3433186605548837,0.20512477462622364,3.0186673956094743,6.562500000000005e-05
