epoch,loss,reward,local_hit_rate,paper_hit_rate
1,-3.37651527,142.10000000,0.10234381,0.13967292
2,-1.93774735,194.55000000,0.11221910,0.14060027
