epoch,loss,reward,local_hit_rate,paper_hit_rate
1,3.34642206,6.39500000,0.10381713,0.15388348
2,3.24201268,6.76750000,0.11305148,0.14055165
