episode,reward,local_hit_rate,neighbor_fetch_rate,cloud_fetch_rate,paper_hit_rate
1,380.60000000,0.06606747,0.07656665,0.85736588,0.14263412
2,397.80000000,0.07535210,0.07033224,0.85431566,0.14568434
3,368.70000000,0.06602029,0.07062734,0.86335238,0.13664762
