episode,reward,local_hit_rate,neighbor_fetch_rate,cloud_fetch_rate,paper_hit_rate
1,520.10000000,0.12295593,0.03142450,0.84561957,0.15438043
2,512.90000000,0.10430436,0.03827547,0.85742016,0.14257984
3,620.90000000,0.11420388,0.03936392,0.84643219,0.15356781
