episode,reward,local_hit_rate,neighbor_fetch_rate,cloud_fetch_rate,paper_hit_rate
1,193.30000000,0.03046799,0.00000000,0.96953201,0.03046799
2,97.20000000,0.01650894,0.00000000,0.98349106,0.01650894
3,133.50000000,0.02374870,0.00000000,0.97625130,0.02374870
4,221.20000000,0.04445538,0.00000000,0.95554462,0.04445538
5,213.60000000,0.04349492,0.00000000,0.95650508,0.04349492
