episode,reward,local_hit_rate,neighbor_fetch_rate,cloud_fetch_rate,paper_hit_rate
1,-58.20000000,0.07996845,0.03287347,0.88715807,0.11284193
2,97.90000000,0.07931103,0.04468219,0.87600678,0.12399322
3,114.90000000,0.09242046,0.02829878,0.87928077,0.12071923
4,196.40000000,0.09835834,0.04006652,0.86157514,0.13842486
5,201.60000000,0.09356240,0.02370431,0.88273330,0.11726670
