episode,reward,local_hit_rate,neighbor_fetch_rate,cloud_fetch_rate,paper_hit_rate
1,-1536.40000000,0.00484229,0.01858594,0.97657178,0.02342822
2,-1551.90000000,0.00369912,0.01072371,0.97557718,0.01442282
3,-1558.00000000,0.00263952,0.01242608,0.98493440,0.01506560
4,-1555.40000000,0.00317055,0.01173401,0.98509545,0.01490455
5,-1545.80000000,0.00518903,0.01160844,0.98320253,0.01679747
