episode,reward,local_hit_rate,neighbor_fetch_rate,cloud_fetch_rate,paper_hit_rate
1,462.80000000,0.06973108,0.07738712,0.85288180,0.14711820
2,406.30000000,0.06377834,0.05528978,0.88093188,0.11906812
3,440.60000000,0.06475412,0.07601908,0.85922681,0.14077319
4,404.40000000,0.05514250,0.08235966,0.86249785,0.13750215
5,452.70000000,0.06104580,0.08679647,0.85215773,0.14784227
