episode,reward,local_hit_rate,neighbor_fetch_rate,cloud_fetch_rate,paper_hit_rate
1,424.20000000,0.06874905,0.06196385,0.86928709,0.13071291
2,415.80000000,0.06159221,0.06438398,0.87402381,0.12597619
3,475.70000000,0.06828444,0.06560561,0.86610995,0.13389005
4,387.00000000,0.06364820,0.06335059,0.87300121,0.12699879
5,462.00000000,0.07120177,0.06885127,0.85994696,0.14005304
