episode,reward,local_hit_rate,neighbor_fetch_rate,cloud_fetch_rate,paper_hit_rate
1,-157.50000000,0.00000000,0.00625000,0.94375000,0.00625000
2,-154.00000000,0.02500000,0.02500000,0.85000000,0.05000000
3,-152.70000000,0.00625000,0.02500000,0.96875000,0.03125000
