episode,reward,local_hit_rate,neighbor_fetch_rate,cloud_fetch_rate,paper_hit_rate
1,282.00000000,0.44535714,0.11833333,0.36130952,0.56369048
2,255.00000000,0.45988095,0.04860119,0.39151786,0.50848214
3,256.90000000,0.42013889,0.05876984,0.47109127,0.47890873
