epoch,loss,reward,local_hit_rate,paper_hit_rate
1,0.22973004,7.00000000,0.06897639,0.13770614
2,-0.74966766,72.95000000,0.06971704,0.15294316
