episode,reward,local_hit_rate,neighbor_fetch_rate,cloud_fetch_rate,paper_hit_rate
1,-1868.10000000,0.00529574,0.01354722,0.98115704,0.01884296
2,-1833.80000000,0.01018570,0.01499664,0.96648433,0.02518234
3,-1844.90000000,0.00741943,0.00936201,0.98321856,0.01678144
4,-1839.70000000,0.00616165,0.01481332,0.97902503,0.02097497
5,-1823.80000000,0.00538832,0.02867936,0.96593232,0.03406768
