episode,reward,local_hit_rate,neighbor_fetch_rate,cloud_fetch_rate,paper_hit_rate
1,546.60000000,0.06204992,0.08678288,0.85116720,0.14883280
2,628.30000000,0.07709756,0.07738265,0.84551979,0.15448021
3,598.20000000,0.07240452,0.07295092,0.85464456,0.14535544
4,598.20000000,0.06651446,0.07981645,0.85366909,0.14633091
5,658.90000000,0.07855254,0.07715795,0.84428952,0.15571048
