episode,reward,local_hit_rate,neighbor_fetch_rate,cloud_fetch_rate,paper_hit_rate
1,657.00000000,0.08813263,0.07878947,0.83307790,0.16692210
2,623.30000000,0.07958864,0.06380059,0.85661077,0.14338923
3,728.40000000,0.08656940,0.07029549,0.84313511,0.15686489
4,531.00000000,0.07384448,0.07846121,0.84769431,0.15230569
5,627.60000000,0.07197986,0.09326093,0.83475921,0.16524079
