episode,reward,local_hit_rate,neighbor_fetch_rate,cloud_fetch_rate,paper_hit_rate
1,1321.90000000,0.27391430,0.00000000,0.72608570,0.27391430
2,1546.20000000,0.30705958,0.00000000,0.69294042,0.30705958
3,1290.20000000,0.27279020,0.00000000,0.72720980,0.27279020
