episode,reward,local_hit_rate,neighbor_fetch_rate,cloud_fetch_rate,paper_hit_rate
1,754.40000000,0.22440914,0.08153009,0.69406076,0.30593924
2,863.30000000,0.21664126,0.09434434,0.68901440,0.31098560
3,935.60000000,0.23547310,0.07012425,0.69440265,0.30559735
