episode,reward,local_hit_rate,neighbor_fetch_rate,cloud_fetch_rate,paper_hit_rate
1,-1231.20000000,0.00328471,0.01754135,0.97917394,0.02082606
2,-1263.30000000,0.00000000,0.01104270,0.97645730,0.01104270
3,-1233.60000000,0.00815413,0.00911992,0.98272596,0.01727404
