episode,reward,local_hit_rate,neighbor_fetch_rate,cloud_fetch_rate,paper_hit_rate
1,984.20000000,0.15368357,0.19610145,0.65021499,0.34978501
2,996.40000000,0.16304914,0.23001729,0.60693357,0.39306643
3,1097.50000000,0.20098638,0.16459920,0.63441441,0.36558559
