episode,reward,local_hit_rate,neighbor_fetch_rate,cloud_fetch_rate,paper_hit_rate
1,810.40000000,0.16030273,0.13333692,0.70636035,0.29363965
2,880.90000000,0.16211655,0.12392297,0.71396048,0.28603952
3,923.00000000,0.16210769,0.10807701,0.72981530,0.27018470
