episode,reward,local_hit_rate,neighbor_fetch_rate,cloud_fetch_rate,paper_hit_rate
1,101.30000000,0.02522476,0.00000000,0.97477524,0.02522476
2,113.20000000,0.03080465,0.00000000,0.96919535,0.03080465
3,73.50000000,0.01714716,0.00000000,0.98285284,0.01714716
