episode,reward,local_hit_rate,neighbor_fetch_rate,cloud_fetch_rate,paper_hit_rate
1,-374.60000000,0.01853601,0.02012257,0.96134142,0.03865858
2,-310.30000000,0.01393928,0.01247447,0.97358625,0.02641375
3,-383.00000000,0.01320820,0.02405534,0.96273646,0.03726354
