episode,reward,local_hit_rate,neighbor_fetch_rate,cloud_fetch_rate,paper_hit_rate
1,-1247.10000000,0.00162516,0.01115136,0.98722348,0.01277652
2,-1212.30000000,0.01029478,0.01857427,0.95863095,0.02886905
3,-1255.60000000,0.00167984,0.01097501,0.98734515,0.01265485
