episode,reward,local_hit_rate,neighbor_fetch_rate,cloud_fetch_rate,paper_hit_rate
1,39.70000000,0.01722186,0.02725318,0.95552496,0.04447504
2,93.50000000,0.02876669,0.03424330,0.93699001,0.06300999
3,68.10000000,0.01771778,0.01681778,0.96546445,0.03453555
