episode,reward,local_hit_rate,neighbor_fetch_rate,cloud_fetch_rate,paper_hit_rate
1,75.90000000,0.01709675,0.02608795,0.95681530,0.04318470
2,85.90000000,0.02611047,0.02584119,0.94804834,0.05195166
3,128.00000000,0.02881572,0.01852166,0.95266262,0.04733738
