episode,reward,local_hit_rate,neighbor_fetch_rate,cloud_fetch_rate,paper_hit_rate
1,202.70000000,0.31916667,0.19229167,0.43854167,0.51145833
2,200.50000000,0.40533009,0.11577652,0.42889340,0.52110660
3,158.50000000,0.29145833,0.13131944,0.52722222,0.42277778
