epoch,loss,reward,local_hit_rate,paper_hit_rate
1,3.03773689,3.82000000,0.22777778,0.26111111
