epoch,loss,reward,local_hit_rate,paper_hit_rate
1,2.94137275,4.56250000,0.46875000,0.53125000
