epoch,loss,reward,local_hit_rate,paper_hit_rate
1,1.18958606,205.97500000,0.38947421,0.52166419
2,1.15718511,186.82500000,0.35968502,0.51309524
