epoch,loss,reward,local_hit_rate,paper_hit_rate
1,2.69402057,1.95833333,0.31944444,0.31944444
