round,train_loss,val_loss
1,23.58053466,20.11527435
