episode,reward,local_hit_rate,neighbor_fetch_rate,cloud_fetch_rate,paper_hit_rate
1,477.40000000,0.11779674,0.01634662,0.86585664,0.13414336
2,449.10000000,0.09914654,0.02053774,0.88031572,0.11968428
3,541.20000000,0.11616744,0.02022331,0.86360925,0.13639075
