episode,reward,local_hit_rate,neighbor_fetch_rate,cloud_fetch_rate,paper_hit_rate
1,275.80000000,0.51270833,0.05375000,0.38354167,0.56645833
2,296.30000000,0.53178030,0.02518939,0.39303030,0.55696970
3,251.80000000,0.42819444,0.02236111,0.49944444,0.45055556
