episode,reward,local_hit_rate,neighbor_fetch_rate,cloud_fetch_rate,paper_hit_rate
1,260.10000000,0.24459582,0.00000000,0.75540418,0.24459582
2,358.40000000,0.28170004,0.00000000,0.71829996,0.28170004
