episode,reward,local_hit_rate,neighbor_fetch_rate,cloud_fetch_rate,paper_hit_rate
1,86.40000000,0.20059336,0.06245765,0.73694899,0.26305101
2,113.80000000,0.18184704,0.14728941,0.67086355,0.32913645
