episode,reward,local_hit_rate,neighbor_fetch_rate,cloud_fetch_rate,paper_hit_rate
1,-632.20000000,0.00000000,0.02022059,0.97977941,0.02022059
2,-623.70000000,0.00406250,0.02405754,0.97187996,0.02812004
