episode,reward,local_hit_rate,neighbor_fetch_rate,cloud_fetch_rate,paper_hit_rate
1,274.50000000,0.17077138,0.19122502,0.63800359,0.36199641
2,262.90000000,0.19490145,0.17896028,0.62613827,0.37386173
