episode,reward,local_hit_rate,neighbor_fetch_rate,cloud_fetch_rate,paper_hit_rate
1,352.50000000,0.26646338,0.03516983,0.64836680,0.30163320
2,346.70000000,0.28147887,0.07033605,0.64818508,0.35181492
