episode,reward,local_hit_rate,neighbor_fetch_rate,cloud_fetch_rate,paper_hit_rate
1,232.80000000,0.05080393,0.00000000,0.94919607,0.05080393
2,161.30000000,0.02657806,0.00000000,0.97342194,0.02657806
3,157.60000000,0.03434113,0.00000000,0.96565887,0.03434113
4,209.20000000,0.03731631,0.00000000,0.96268369,0.03731631
5,209.90000000,0.04489181,0.00000000,0.95510819,0.04489181
