episode,reward,local_hit_rate,neighbor_fetch_rate,cloud_fetch_rate,paper_hit_rate
1,-273.40000000,0.04243182,0.03048726,0.92708092,0.07291908
2,-201.30000000,0.03560551,0.03587171,0.92852278,0.07147722
3,-153.10000000,0.04229964,0.05069344,0.90700691,0.09299309
4,-139.00000000,0.04181885,0.04400900,0.91417215,0.08582785
5,-44.50000000,0.05507627,0.02646196,0.91846178,0.08153822
