episode,reward,local_hit_rate,neighbor_fetch_rate,cloud_fetch_rate,paper_hit_rate
1,-1545.40000000,0.00575606,0.01124610,0.98299785,0.01700215
2,-1543.90000000,0.00318020,0.01839694,0.96842285,0.02157715
3,-1540.10000000,0.00297849,0.01413666,0.98288485,0.01711515
4,-1557.40000000,0.00405278,0.01140639,0.98454084,0.01545916
5,-1528.80000000,0.00934750,0.00665688,0.98399562,0.01600438
