episode,reward,local_hit_rate,neighbor_fetch_rate,cloud_fetch_rate,paper_hit_rate
1,402.50000000,0.05220620,0.07576648,0.87202733,0.12797267
2,409.60000000,0.05065539,0.07102826,0.87831635,0.12168365
3,415.00000000,0.05670199,0.06267771,0.88062030,0.11937970
4,479.20000000,0.07549611,0.07655431,0.84794958,0.15205042
5,458.40000000,0.05516107,0.07412407,0.87071486,0.12928514
