episode,reward,local_hit_rate,neighbor_fetch_rate,cloud_fetch_rate,paper_hit_rate
1,373.50000000,0.05432383,0.07668870,0.86898747,0.13101253
2,437.20000000,0.06483093,0.06395100,0.87121806,0.12878194
3,465.70000000,0.06581143,0.06298773,0.87120083,0.12879917
4,450.40000000,0.07267544,0.07046315,0.85686141,0.14313859
5,502.30000000,0.06963588,0.06827130,0.86209282,0.13790718
