n_sbs,fixed_mean_latency_ms,moving_mean_latency_ms
4.0,44.43854711997801,18.27173649529696
6.0,32.527882170200044,12.447896074934159
8.0,33.23980657839617,10.992592580454753
10.0,20.691151106559115,9.479564079276418
12.0,20.150368221495004,8.667875951072231
