episode,reward,local_hit_rate,neighbor_fetch_rate,cloud_fetch_rate,paper_hit_rate
1,337.80000000,0.06323324,0.07610344,0.86066332,0.13933668
2,360.40000000,0.06920540,0.05712574,0.87366887,0.12633113
3,359.30000000,0.06732404,0.08145831,0.85121765,0.14878235
