episode,reward,local_hit_rate,neighbor_fetch_rate,cloud_fetch_rate,paper_hit_rate
1,473.00000000,0.11603273,0.02029186,0.86367541,0.13632459
2,475.50000000,0.10208236,0.02173048,0.87618715,0.12381285
3,540.50000000,0.11652820,0.02400962,0.85946218,0.14053782
