epoch,loss,reward,local_hit_rate,paper_hit_rate
1,0.68897456,1.34000000,0.06088474,0.08652056
2,0.59633775,1.25250000,0.06508929,0.07654762
