episode,reward,local_hit_rate,neighbor_fetch_rate,cloud_fetch_rate,paper_hit_rate
1,14.90000000,0.04261905,0.02500000,0.93238095,0.06761905
2,23.40000000,0.08418831,0.01000000,0.90581169,0.09418831
