episode,reward,local_hit_rate,neighbor_fetch_rate,cloud_fetch_rate,paper_hit_rate
1,52.10000000,0.17150794,0.01250000,0.81599206,0.18400794
2,19.40000000,0.09750000,0.00000000,0.85250000,0.09750000
