scheme,reward_mean,local_hit_mean,neighbor_fetch_mean,cloud_fetch_mean,paper_hit_mean
TemporalGraph,2604.42000000,0.35157543,0.06185274,0.58573849,0.41342817
AWFDRL,2466.33000000,0.29136407,0.20702496,0.50161097,0.49838903
MAAFDRL,1114.80000000,0.22696319,0.17040286,0.60263395,0.39736605
DTS-DDPG,2044.76000000,0.21097362,0.30551033,0.48268272,0.51648395
