epoch,loss,reward,local_hit_rate,paper_hit_rate
1,0.70630517,2.50000000,0.25277778,0.25277778
