episode,reward,local_hit_rate,neighbor_fetch_rate,cloud_fetch_rate,paper_hit_rate
1,12.80000000,0.02506944,0.00000000,0.97493056,0.02506944
2,37.10000000,0.04228671,0.00000000,0.95771329,0.04228671
