episode,reward,local_hit_rate,neighbor_fetch_rate,cloud_fetch_rate,paper_hit_rate
1,112.10000000,0.06984680,0.04722150,0.83293170,0.11706830
2,54.70000000,0.04348839,0.05402778,0.90248384,0.09751616
