episode,reward,local_hit_rate,neighbor_fetch_rate,cloud_fetch_rate,paper_hit_rate
1,-8.00000000,0.00000000,0.00000000,0.90000000,0.00000000
2,4.20000000,0.01562500,0.00000000,0.93437500,0.01562500
3,-3.80000000,0.00416667,0.00000000,0.92083333,0.00416667
