episode,reward,local_hit_rate,neighbor_fetch_rate,cloud_fetch_rate,paper_hit_rate
1,19.00000000,0.15166667,0.18214286,0.64119048,0.33380952
2,16.00000000,0.13474206,0.26700397,0.49825397,0.40174603
3,114.30000000,0.25964286,0.20725198,0.43310516,0.46689484
