episode,reward,local_hit_rate,neighbor_fetch_rate,cloud_fetch_rate,paper_hit_rate
1,277.60000000,0.51062500,0.08916667,0.35020833,0.59979167
2,291.00000000,0.52861472,0.02835498,0.39303030,0.55696970
3,256.40000000,0.42687500,0.05680556,0.46631944,0.48368056
