episode,reward,local_hit_rate,neighbor_fetch_rate,cloud_fetch_rate,paper_hit_rate
1,-21.50000000,0.02083333,0.00000000,0.97916667,0.02083333
2,-31.10000000,0.01250000,0.00000000,0.98750000,0.01250000
