epoch,loss,reward,local_hit_rate,paper_hit_rate
1,0.57517003,-2.29750000,0.05984307,0.06940747
2,0.39267758,-2.44500000,0.05029762,0.05342262
