episode,reward,local_hit_rate,neighbor_fetch_rate,cloud_fetch_rate,paper_hit_rate
1,-37.40000000,0.13311508,0.01250000,0.85438492,0.14561508
2,-62.60000000,0.07250000,0.00000000,0.87750000,0.07250000
