round,train_loss,val_loss
1,7.43182365,7.43172188
2,7.42874028,7.43073648
