algorithm,reward_mean,local_hit_mean,paper_hit_mean,cloud_fetch_mean
TemporalGraph,2507.01000000,0.31170000,0.48170000,0.51750000
MAAFDRL,1609.74000000,0.22530000,0.38460000,0.61540000
