scheme,cache_capacity,n_sbs,reward_mean,cost_mean,local_hit_mean,neighbor_fetch_mean,cloud_fetch_mean,paper_hit_mean
Random,30,8,159.55000000,54840.45000000,0.01886364,0.04604545,0.93509091,0.06490909
C-epsilon-greedy,30,8,6415.70000000,48584.30000000,0.12190909,0.12818182,0.74990909,0.25009091
Thompson,30,8,179.10000000,54820.90000000,0.01972727,0.04631818,0.93395455,0.06604545
BSG-like,30,8,6051.85000000,48948.15000000,0.13795455,0.00000000,0.86204545,0.13795455
EFNRL-like,30,8,3426.85000000,51573.15000000,0.06959091,0.10231818,0.82809091,0.17190909
GNN-ActorCritic,30,8,2606.70000000,52393.30000000,0.06495455,0.08550000,0.84954545,0.15045455
GNN-ActorCritic,30,8,2672.10000000,52327.90000000,0.06709091,0.08281818,0.85009091,0.14990909
