model,local,neighbor,cloud,replace
Random,0.0028858331211272384,0.03129915058361362,4.946446896164847,0.0016520833333333335
BSG-like,0.020058786126081262,0.0,4.883039402702926,0.0013333333333333335
C-epsilon-greedy,0.17870035105449783,0.5383264331701327,3.433590203264847,0.02359375
AWFDRL,0.2040681671906502,1.2310690522012904,2.4408228487951384,0.0003000000000000002
MAAFDRL,0.19465540855522037,0.7695349828100366,3.064804228711352,0.017191666666666664
TemporalGraph,0.2624573316125351,0.862013104503149,2.593530294641721,0.00010416666666666674
