episode,reward,local_hit_rate,neighbor_fetch_rate,cloud_fetch_rate,paper_hit_rate
1,-3.70000000,0.00000000,0.00000000,1.00000000,0.00000000
2,0.50000000,0.00714286,0.00000000,0.99285714,0.00714286
