episode,reward,local_hit_rate,neighbor_fetch_rate,cloud_fetch_rate,paper_hit_rate
1,-19.10000000,0.03333333,0.00000000,0.91666667,0.03333333
2,-33.90000000,0.00000000,0.00000000,1.00000000,0.00000000
