round,train_loss,val_loss
1,8.29072934,8.28773644
2,8.28826796,8.28655832
