episode,reward,local_hit_rate,neighbor_fetch_rate,cloud_fetch_rate,paper_hit_rate
1,48.40000000,0.13597222,0.00000000,0.81402778,0.13597222
2,14.70000000,0.03095238,0.00625000,0.91279762,0.03720238
