epoch,loss,reward,local_hit_rate,paper_hit_rate
1,3.52177649,6.36437500,0.10188856,0.15933735
2,3.29106473,7.17500000,0.11635522,0.15557836
