epoch,loss,reward,local_hit_rate,paper_hit_rate
1,-0.51891311,165.20000000,0.10953647,0.14271757
