episode,reward,local_hit_rate,neighbor_fetch_rate,cloud_fetch_rate,paper_hit_rate
1,-1239.20000000,0.00794361,0.00988748,0.98216891,0.01783109
2,-1233.30000000,0.00614087,0.00934575,0.97201338,0.01548662
3,-1245.60000000,0.00261893,0.01418972,0.98319134,0.01680866
