episode,reward,local_hit_rate,neighbor_fetch_rate,cloud_fetch_rate,paper_hit_rate
1,527.40000000,0.12333709,0.03252523,0.84413768,0.15586232
2,563.60000000,0.11377160,0.03921995,0.84700846,0.15299154
3,599.20000000,0.11133028,0.04954228,0.83912745,0.16087255
