episode,reward,local_hit_rate,neighbor_fetch_rate,cloud_fetch_rate,paper_hit_rate
1,287.20000000,0.51934524,0.08589286,0.36976190,0.60523810
2,295.70000000,0.48229167,0.15315476,0.26455357,0.63544643
3,269.20000000,0.46821429,0.18259921,0.34918651,0.65081349
