episode,reward,local_hit_rate,neighbor_fetch_rate,cloud_fetch_rate,paper_hit_rate
1,269.20000000,0.50458333,0.05875000,0.38666667,0.56333333
2,293.70000000,0.52820887,0.02876082,0.39303030,0.55696970
3,253.60000000,0.42819444,0.02736111,0.49444444,0.45555556
